385 288,289,320,321,352,353,
386 290,291,322,323,354,355,
387 256,257,192,193,224,225,
388 258,259,194,195,226,227,
389 96,97,128,129,160,161,
390 98,99,130,131,162,163,
391 0,1,32,33,64,65,
392 2,3,34,35,66,67,
393 326,357,358,293,294,325,
394 197,198,229,230,261,262,
395 101,102,133,134,165,166,
396 5,6,37,38,69,70,
397 4,5,36,37,68,69,
398 100,101,132,133,164,165,
399 196,197,228,229,260,261,
400 356,357,292,293,324,325,
401 295,296,327,328,359,360,
402 297,298,329,330,361,362,
403 231,232,263,264,199,200,
404 201,202,233,234,265,266,
405 103,104,135,136,167,168,
406 105,106,137,138,169,170,
407 7,8,39,40,71,72,
408 9,10,41,42,73,74,
409 10,11,42,43,74,75,
410 106,107,138,139,170,171,
411 202,203,234,235,266,267,
412 298,299,330,331,362,363,
413 300,301,302,332,333,334,364,365,366,
414 268,269,270,204,205,206,236,237,238,
415 108,109,110,140,141,142,172,173,174,
416 12,13,14,44,45,46,76,77,78,
417 13,14,15,45,46,47,77,78,79,
418 109,110,111,141,142,143,173,174,175,
419 269,270,271,205,206,207,237,238,239,
420 301,302,303,333,334,335,365,366,367,
421 368,369,304,305,336,337,
422 370,371,306,307,338,339,
423 372,373,308,309,340,341,
424 342,343,374,375,310,311,
425 241,272,273,208,209,240,
426 242,243,274,275,210,211,
427 244,245,276,277,212,213,
428 246,247,278,279,214,215,
429 144,145,176,177,112,113,
430 146,147,178,179,114,115,
431 117,148,149,180,181,116,
432 118,119,150,151,182,183,
433 16,17,48,49,80,81,
434 18,19,50,51,82,83,
435 20,21,52,53,84,85,
436 22,23,54,55,86,87,
437 23,24,55,56,87,88,
438 119,120,151,152,183,184,
439 247,248,279,280,215,216,
440 343,344,375,376,311,312,
441 377,378,313,314,345,346,
442 217,218,249,250,281,282,
443 121,122,153,154,185,186,
444 25,26,57,58,89,90,
445 26,27,58,59,90,91,
446 122,123,154,155,186,187,
447 218,219,250,251,282,283,
448 347,378,379,314,315,346,
449 318,319,350,351,382,383,
450 316,317,348,349,380,381,
451 286,287,222,223,254,255,
452 284,285,220,221,252,253,
453 126,127,158,159,190,191,
454 124,125,156,157,188,189,
455 30,31,62,63,94,95,
456 28,29,60,61,92,93,
